season,order_count,order_percentage
Winter,30573,30.744863788578154
Autumn,29809,29.97656902082642
Summer,22251,22.37608230005732
Spring,16808,16.90248489053811
